input,response
"2024년 12월 04일에 코레일, 총파업, 비상수송, 체제, 철도노조, 열차운행  와 관련된 뉴스의 내용은?",<b>한국철도공사</b>(코레일)가 5일로 예정된 철도노조의 총파업에 대비해 비상 수송 체제에 돌입했다. 4일 코레일에 따르면 비상 수송 대책본부를 24시간 운영하며 열차 운행 조정과 안전대책 수립 등 파업 대비 종합 대책을... 
"2024년 12월 04일에 컨소시엄, 샬롬엔지니어링, 궤도안전 와 관련된 뉴스의 내용은?","<b>한국철도공사</b>와 컨소시엄을 통해 샬롬엔지니어링은 궤도 안전 분야의 독보적인 전문성을 바탕으로 궤도 안전 컨설팅을 시행하고 기자재 보급, 유지 보수 개량, 거점센터 구축, 전문인력 양성, 가이드라인 제작 및... "
"2024년 12월 04일에 박상우, 국토교통부, 철도파업, 대비, 수송대책, 경찰청, 고용노동부  와 관련된 뉴스의 내용은?","박상우 국토교통부 장관이 4일 오후 행정안전부, 고용노동부, 경찰청, 서울시, 인천시, 경기도, <b>한국철도공사</b>(코레일) 등 관계기관과 함께 코레일 노사 간 협상이 결렬될 경우를 대비해 철도파업 대비 수송대책 점검회의... "
"2024년 12월 04일에 노조, 파업, 수인분당선, 경강선, 서울도시철도 와 관련된 뉴스의 내용은?","시는 두 노조의 파업으로 <b>한국철도공사</b>(코레일)가 운영하는 수인분당선(복정역~오리역)과 경강선(판교역~이매역), 서울도시철도 8호선(복정역~모란역) 운행에 차질이 불가피할 것으로 보고 있다. 파업이 예정대로... "
"2024년 12월 04일에 기본급, 인상, 철도, 총파업, 오는, 교대  와 관련된 뉴스의 내용은?",앞서 철도노조는 오는 5일 철도 총파업을 예고하며 <b>한국철도공사</b>(코레일)에 △기본급 2.5% 인상 △4조 2교대 승인 △안전 인력 충원 △성과급 정상 지급(231억원 임금체불 해결) △외주화·인력감축 중단 △공정한... 
"2024년 12월 04일에 전국철도노동조합, 총파업, 무기한 와 관련된 뉴스의 내용은?",코레일 사옥 (사진=코레일) <b>한국철도공사</b>(코레일)는 전국철도노동조합에서 오는 5일부터 무기한 총파업을 예고함에 따라 열차 안전 운행을 위한 비상수송체제에 돌입했다고 4일 밝혔다. 코레일은 부사장을 중심으로... 
"2024년 12월 04일에 총파업, 노조, 교섭, 파업, 철도노조 와 관련된 뉴스의 내용은?",출근 시간대에는 평시 대비 90%대로 전국철도노동조합 총파업을 하루 앞둔 4일 서울 용산구 <b>한국철도공사</b> 서울본부에서 사측 대표위원 한문희 코레일 사장과 노조 측 대표위원 최명호 철도노조 위원장이 막판 교섭을... 
"2024년 12월 04일에 전국철도노동조합, 무기한, 총파업, 예고에, 따른, 비상수송체제 와 관련된 뉴스의 내용은?",뉴스토마토 = 윤영혜 기자 | <b>한국철도공사</b>(코레일)는 전국철도노동조합이 5일부터 무기한 총파업을 예고한 데 대해 열차 안전 운행을 위한 비상수송체제에 돌입했다고 4일 밝혔습니다. 코레일은 부사장을 중심으로... 
"2024년 12월 04일에 국토부, 행정안전부, 고용노동부, 경찰청, 서울시, 인천시, 경기도  와 관련된 뉴스의 내용은?","국토부는 4일 박 장관이 행정안전부, 고용노동부, 경찰청, 서울시, 인천시, 경기도, <b>한국철도공사</b>(코레일) 등 관계기관과 '철도파업 대비 수송대책 점검회의'를 주재했다고 밝혔다. 박상우 국토교통부 장관(왼쪽)이 4일... "
"2024년 12월 04일에 국토교통부, 철도운영법, 위반, 노동쟁의, 무기한, 총파업, 전국철도노동조합  와 관련된 뉴스의 내용은?",[사진=연합뉴스] 전국철도노동조합이 오는 5일부터 무기한 총파업을 예고한 가운데 <b>한국철도공사</b>(코레일)는 열차 안전 운행을 위한 비상수송체제에 돌입했다고 4일 밝혔다. 코레일은 부사장을 중심으로 24시간... 
"2024년 12월 04일에 국민철도, 한국, 철도, 공사, 노동조합, 총파업, 민주노총  와 관련된 뉴스의 내용은?",민주노동조합총연맹(민노총) 산하 전국철도노동조합이 5일 총파업을 예고하자 <b>한국철도공사</b>(코레일)은 비상수송체제에 돌입하며 대응 채비에 나섰다. 코레일은 부사장을 중심으로 24시간 비상대책본부를 운영하는 등... 
"2024년 12월 04일에 코레일, 전국철도노동조합, 총파업, 열차운행, 안전비상수송체제 비상대책본부 와 관련된 뉴스의 내용은?",<b>한국철도공사</b>(코레일)는 전국철도노동조합에서 5일부터 무기한 총파업을 예고함에 따라 열차 안전 운행을 위한 비상수송체제에 돌입했다고 4일 밝혔다. 코레일은 부사장을 중심으로 24시간 비상대책본부를 운영하는... 
"2024년 12월 04일에 무기한, 총파업, 열차운행비상, 방안, 철도, 노조  와 관련된 뉴스의 내용은?",<b>한국철도공사</b>(코레일)는 전국철도노동조합(철도노조)이 5일부터 무기한 총파업 돌입을 예고함에 따라 열차 안전 운행을 위한 비상 수송체계를 구축하고 시행에 들어갔다고 4일 밝혔다. 전국철도노동조합이 예고한... 
"2024년 12월 04일에 코레일, 열차, 운행, 비상수송, 체제, 안전  와 관련된 뉴스의 내용은?",<b>한국철도공사</b>(코레일)가 열차 안전 운행을 위한 비상수송체제에 돌입한다고 4일 밝혔다. 이는 전국철도노동조합에서 오는 5일부터 무기한 총파업을 예고한 데 따른 것이다. 코레일은 부사장을 중심으로 24시간... 
"2024년 12월 04일에 무기한총파업, 전국철도노동조합, 열차안전운행, 비상수송체제 와 관련된 뉴스의 내용은?",<b>한국철도공사</b>(코레일)는 전국철도노동조합이 5일부터 무기한 총파업을 예고함에 따라 열차 안전 운행을 위한 비상수송체제에 돌입했다고 4일 밝혔다. 코레일은 부사장을 중심으로 24시간 비상대책본부를 운영하는... 
"2024년 12월 04일에 국민안전, 총동원, 철도노조, 무기한총파업, 안전수송, 전국철도노동조합  와 관련된 뉴스의 내용은?",가용자원 총동원 안전수송  전국철도노동조합(철도노조)이 5일부터 무기한 총파업 돌입을 예고함에 따라 <b>한국철도공사</b>(코레일)는 부사장을 중심으로 열차 안전 운행을 위한 24시간 비상대책본부 운영 및 수송체계 구축... 
"2024년 12월 04일에 국제교류, 파업, 투쟁, 전환, 총파업, 시민참여, 노동조합  와 관련된 뉴스의 내용은?",전국철도노동조합 총파업을 하루 앞둔 4일 서울 용산구 <b>한국철도공사</b> 서울본부에서 노조측 대표위원인 최명호 철도노조 위원장이 사측과 막판 교섭을 위해 입장하고 있다. 철도노조는 이날 진행되는 사측과의 막판... 
"2024년 12월 04일에 철도, 노조, 파업, 교섭, 비상수송체제 와 관련된 뉴스의 내용은?",양측은 이날 오후 4시가 넘어서야 사측인 <b>한국철도공사</b>(코레일)과 최종 교섭에 들어갔다. 코레일은 철도노조에서 총파업을 예고함에 따라 열차 안전 운행을 위한 비상수송체제에 돌입했다고 밝혔다. 이용객이 많은... 
"2024년 12월 04일에 철도공사, 열차, 열차 와 관련된 뉴스의 내용은?",연합뉴스 보도에 따르면 4일 <b>한국철도공사</b>(코레일)은 열차 안전 운행을 위한 비상 수송체계를 구축하고 시행에 들어갔다고 밝혔다. 특히 이용객이 많은 출퇴근 시간대 수도권 전철과 KTX 열차에 운전 경력이 있는... 
"2024년 12월 04일에 한국철도, 노동조합, 열차, 안전, 무기한, 총파업  와 관련된 뉴스의 내용은?",KTX 열차.©열린뉴스통신ONA=김희선 기자 <b>한국철도공사</b>(코레일)가 전국철도노동조합에서 오는 5일부터 무기한 총파업을 예고해 열차 안전 운행을 위한 비상수송체제에 돌입한다. 코레일은 24시간 비상대책본부를... 
"2024년 12월 04일에 무기한, 총파업, 열차, 안전, 운행  와 관련된 뉴스의 내용은?",전국철도노동조합이 5일부터 무기한 총파업을 예고함에 따라 <b>한국철도공사</b>(코레일)가 열차 안전 운행을 위한 비상 수송 체제에 돌입했다고 4일 밝혔다. 코레일은 부사장을 중심으로 24시간 비상 대책본부를 운영하고... 
"2024년 12월 04일에 전국철도노동조합, 무기한, 총파업, 열차, 안전운행 비상수송체제 와 관련된 뉴스의 내용은?",사진=연합뉴스 <b>한국철도공사</b>(코레일)는 전국철도노동조합에서 12월5일부터 무기한 총파업을 예고함에 따라 열차 안전 운행을 위한 비상수송체제에 돌입했다고 4일 밝혔다. 코레일 측은 &quot;부사장을 중심으로 24시간... 
"2024년 12월 04일에 파업, 철도, 공사, 수인분당선, 경강선, 서울교통공사  와 관련된 뉴스의 내용은?","시는 5일 <b>한국철도공사</b>(코레일)의 파업으로 관내 구간 수인분당선(복정역~오리역)과 경강선(판교역~이매역)의 운행에 차질이 예상되며, 이어 6일로 예고된 서울교통공사 파업으로 서울도시철도 8호선(복정역~모란역)의... "
"2024년 12월 04일에 전국철도노동조합, 무기한총파업, 예고, 열차운행, 비상수송체제 와 관련된 뉴스의 내용은?",<b>한국철도공사</b>(코레일)가 전국철도노동조합의 무기한 총파업 예고에 따라 열차 안전 운행을 위한 비상수송체제에 돌입했다고 4일 밝혔다. / 사진 = 코레일 <b>한국철도공사</b>(코레일)가 전국철도노동조합의 무기한 총파업... 
"2024년 12월 04일에 한국, 철도, 노조, 전국, 철도, 노조  와 관련된 뉴스의 내용은?",<b>한국철도공사</b>(코레일)가 5일 예고된 전국철도노조 총파업에 대비한 비상수송체제를 가동한다. 이에 따라 코레일은 24시간 비상대책본부 마련하고 가용 자원을 총동원할 방침이다. 특히 출퇴근 시간대 수도권 전철과... 
"2024년 12월 04일에 파업, 서울교통공사, 수인분당선, 경강선 서울도시철도 와 관련된 뉴스의 내용은?",성남시는 5일 <b>한국철도공사</b>(코레일)의 파업으로 관내 구간 수인분당선(복정역~오리역)과 경강선(판교역~이매역)의 운행에 차질이 예상되며 이어 6일로 예고된 서울교통공사 파업으로 서울도시철도 8호선(복정역... 
"2024년 12월 04일에 철도노조, 무기한, 총파업, 비상수송체제 와 관련된 뉴스의 내용은?",<b>한국철도공사</b>(코레일)가 철도노조 무기한 총파업에 비상수송체제에 돌입했다. 24시간 비상대책본부를 운영하고 가용 자원을 총동원해 안전 수송에 만전을 기할 방침이다. 코레일은 전국철도노동조합에서 오는 5일부터... 
"2024년 12월 04일에 코레일, 무기한, 총파업, 열차, 안전, 운행  와 관련된 뉴스의 내용은?",<b>한국철도공사</b>(코레일)는 4일 철도노조가 5일부터 무기한 총파업을 예고함에 따라 열차 안전 운행을 위한 비상수송체제에 돌입했다. 코레일 부사장을 중심으로 24시간 비상대책본부를 운영하는 등 철도노조 파업 대응... 
"2024년 12월 04일에 국토교통부, 행정안전부, 고용노동부, 경찰청, 서울시, 인천시  와 관련된 뉴스의 내용은?","국토교통부는 4일 행정안전부, 고용노동부, 경찰청, 서울시, 인천시, 경기도, <b>한국철도공사</b> 등 관계기관과 철도파업 대비 수송대책 점검회의를 가졌다고 밝혔다. 박상우 장관이 주재한 이번 회의는 코레일 노사 간 협상이... "
"2024년 12월 04일에 국토안전시스템, 철도노조, 출퇴근시간, 가용자원 와 관련된 뉴스의 내용은?",가용자원 총동원 안전수송…출퇴근시간 43개역에 질서유지요원 187명 배치 <b>한국철도공사</b>(코레일)는 전국철도노동조합(철도노조)이 5일부터 무기한 총파업 돌입을 예고함에 따라 열차 안전 운행을 위한 비상 수송체계를... 
"2024년 12월 04일에 파업, 철도운행차질, 수인분당선, 경강선, 서울교통공사 파업 와 관련된 뉴스의 내용은?","4일 성남시에 따르면 5일 <b>한국철도공사</b>(코레일)의 파업으로 관내 구간 수인분당선(복정역~오리역)과 경강선(판교역~이매역)의 운행에 차질이 예상되며, 이어 6일로 예고된 서울교통공사 파업으로 서울도시철도 8호선... "
"2024년 12월 04일에 노조파업, 열차안전운행, 총파업 와 관련된 뉴스의 내용은?",<b>한국철도공사</b>(코레일)는 전국철도노동조합에서 5일부터 무기한 총파업을 예고함에 따라 열차 안전운행을 위해 종합대책을 마련하고 비상수송체제에 돌입했다고 4일 밝혔다. 종합대책에 따라 코레일은 부사장을... 
"2024년 12월 04일에 철도노조, 파업, 수인분당선, 경강선, 서울교통공사 도심교통 와 관련된 뉴스의 내용은?","철도노조의 파업으로 <b>한국철도공사</b>(코레일)가 운영하는 수인분당선(복정역오리역)과 경강선(판교역이매역)의 운행에 차질이 예상되며, 이어 6일 서울교통공사 파업 시 서울도시철도 8호선(복정역~모란역)의 운행도... "
"2024년 12월 04일에 한국철도공사코레일, 전국철도노동조합, 무기한총파업, 열차안전운행, 이용객불편, 비상수송체제 와 관련된 뉴스의 내용은?","<b>한국철도공사</b>(코레일)가 전국철도노동조합이 5일부터 무기한 총파업에 돌입한다고 예고함에 따라, 열차 안전 운행과 이용객 불편을 최소화하기 위한 비상수송체제를 즉각 가동한다. 코레일은 부사장을 중심으로 한... "
"2024년 12월 04일에 회의, 행정안전, 고용노동, 경찰청, 철도노조 와 관련된 뉴스의 내용은?","이날 회의에는 행정안전부, 고용노동부, 경찰청, 서울시, 인천시, 경기도, <b>한국철도공사</b>(코레일) 등 기관 관계자들이 참여했다. 코레일과 철도노조는 이날 오후 4시부터 서울 중구 코레일 서울본부에서 마지막 교섭을 진행... "
"2024년 12월 04일에 박상우, 국토교통부, 경기도 와 관련된 뉴스의 내용은?","박상우 국토교통부 장관은 4일 오후 행정안전부, 고용노동부, 경찰청, 서울시, 인천시, 경기도, <b>한국철도공사</b> 등 관계기관과 함께 코레일 노사 간 협상이 결렬될 경우를 대비해 철도파업 대비 수송대책 점검 회의를... "
"2024년 12월 04일에 전국철도노동조합, 무기한, 총파업, 열차, 안전, 운행  와 관련된 뉴스의 내용은?",<b>한국철도공사</b>(코레일)는 전국철도노동조합에서 5일부터 무기한 총파업을 예고함에 따라 열차 안전 운행을 위한 비상수송체제에 돌입했다고 밝혔다. 코레일은 부사장을 중심으로 24시간 비상대책본부를 운영하는 등... 
"2024년 12월 04일에 국철노동조합, 무기한, 총파업, 열차, 안전운행 비상수송체제 와 관련된 뉴스의 내용은?",<b>한국철도공사</b>(코레일)는 전국철도노동조합에서 내일부터 무기한 총파업을 예고함에 따라 열차 안전 운행을 위한 비상수송체제에 돌입했다고 밝혔습니다. 코레일은 부사장을 중심으로 24시간 비상대책본부를 운영하는... 
"2024년 12월 04일에 국토교통부, 박상우, 장관, 고용노동부, 경찰청, 행정안전부  와 관련된 뉴스의 내용은?","4일 국토교통부에 따르면, 박상우 장관은 이날 오후 행정안전부, 고용노동부, 경찰청, 서울시, 인천시, 경기도, <b>한국철도공사</b>(코레일) 등 관계기관과 함께 코레일 노사 간 협상이 결렬될 경우를 대비해 수송대책... "
"2024년 12월 04일에 서울교통공사, 노조, 전국철도노동조합, 파업, 광역철도, 지하철  와 관련된 뉴스의 내용은?","서울지하철 1~8호선을 운영하는 서울교통공사 노조와 수도권 광역철도를 운영하는 <b>한국철도공사</b>(코레일) 전국철도노동조합이 5~6일 무기한 총파업에 돌입하는 가운데, 경기도가 시외·광역·시내버스 증차를 하는 등... "
2024년 12월 04일에 제일 많이 언급된 키워드 순으로 알려줘,"총파업, 파업, 전국철도노동조합, 무기한, 비상수송체제, 열차, 철도노조, 노조, 철도, 국토교통부, 코레일 "
2024년 12월 04일에 비상수송와 같이 많이 언급된 키워드 순으로 알려줘,"총파업, 체제, 코레일, 조정, 열차운행, 철도노조, 안전대책, 운행, 무기한, 안전, 파업, 열차, 철도, 대책본부, 예고, 노조, 전국철도노조, 비상, 전국, 한국 "
2024년 12월 04일에 조정와 같이 많이 언급된 키워드 순으로 알려줘,"비상수송, 열차운행, 철도노조, 총파업, 체제, 안전대책, 코레일 "
2024년 12월 04일에 열차운행와 같이 많이 언급된 키워드 순으로 알려줘,"총파업, 코레일, 전국철도노동조합, 조정, 비상수송, 철도노조, 체제, 안전대책, 비상대책본부, 안전비상수송체제, 비상수송체제, 예고, 무기한총파업 "
2024년 12월 04일에 철도노조와 같이 많이 언급된 키워드 순으로 알려줘,"총파업, 코레일, 파업, 비상수송체제, 무기한, 조정, 비상수송, 열차운행, 체제, 안전대책, 노조, 교섭, 안전수송, 국민안전, 전국철도노동조합, 무기한총파업, 총동원, 열차운행비상대책본부, 운행, 비상대책본부, 안전, 대응, 열차, 가용자원, 국토안전시스템, 출퇴근시간, 경강선, 서울교통공사, 도심교통, 수인분당선, 경찰청, 회의, 행정안전, 고용노동 "
2024년 12월 04일에 총파업와 같이 많이 언급된 키워드 순으로 알려줘,"무기한, 전국철도노동조합, 비상수송체제, 열차, 파업, 안전, 철도노조, 코레일, 철도, 노조, 운행, 비상수송, 체제, 비상, 노동조합, 열차운행, 전국, 한국, 비상대책본부, 안전운행, 조정, 안전대책, 기본급, 인상, 승인, 성과급, 중단, 안정, 오는, 정상, 인력, 충원, 외주화, 교대, 지급, 교섭, 예고에, 따른, 수송체제, 국토교통부, 연수, 노동쟁의, 위반, 제공하는, 철도운영법, 국민철도, 민주노총, 공사, 안전비상수송체제, 방안, 열차운행비상, 투쟁, 전환, 대표들, 최명호철도노조위원장, 사측, 철도노동조합, 노사대립, 시민참여, 국제교류, 한국철도, 수송, 대책본부, 예고, 전국철도노조, 대응, 열차안전운행, 노조파업, 국철노동조합 "
2024년 12월 04일에 체제와 같이 많이 언급된 키워드 순으로 알려줘,"총파업, 비상수송, 코레일, 운행, 무기한, 안전, 열차, 조정, 열차운행, 철도노조, 안전대책, 파업, 전국철도노동조합, 수송, 비상 "
2024년 12월 04일에 안전대책와 같이 많이 언급된 키워드 순으로 알려줘,"조정, 비상수송, 열차운행, 철도노조, 총파업, 체제, 코레일 "
2024년 12월 04일에 코레일와 같이 많이 언급된 키워드 순으로 알려줘,"총파업, 철도노조, 비상수송, 열차운행, 체제, 비상대책본부, 전국철도노동조합, 운행, 무기한, 안전, 파업, 열차, 조정, 안전대책, 안전비상수송체제, 안전수송, 국민안전, 무기한총파업, 총동원, 열차운행비상대책본부, 비상수송체제, 대응 "
2024년 12월 04일에 샬롬엔지니어링와 같이 많이 언급된 키워드 순으로 알려줘,"컨소시엄, 궤도안전 "
2024년 12월 04일에 컨소시엄와 같이 많이 언급된 키워드 순으로 알려줘,"샬롬엔지니어링, 궤도안전 "
2024년 12월 04일에 궤도안전와 같이 많이 언급된 키워드 순으로 알려줘,"샬롬엔지니어링, 컨소시엄 "
2024년 12월 04일에 국토교통부와 같이 많이 언급된 키워드 순으로 알려줘,"박상우, 경찰청, 고용노동부, 행정안전부, 경기도, 대비, 수송대책, 서울시, 인천시, 철도파업, 수송체제, 연수, 노동쟁의, 위반, 무기한, 전국철도노동조합, 총파업, 제공하는, 비상, 철도운영법, 파업, 장관 "
2024년 12월 04일에 박상우와 같이 많이 언급된 키워드 순으로 알려줘,"국토교통부, 경찰청, 고용노동부, 행정안전부, 경기도, 철도파업, 대비, 수송대책, 서울시, 장관, 인천시 "
2024년 12월 04일에 철도파업와 같이 많이 언급된 키워드 순으로 알려줘,"박상우, 국토교통부, 경찰청, 대비, 고용노동부, 행정안전부, 수송대책 "
2024년 12월 04일에 경찰청와 같이 많이 언급된 키워드 순으로 알려줘,"고용노동부, 행정안전부, 국토교통부, 대비, 수송대책, 서울시, 인천시, 경기도, 박상우, 파업, 철도파업, 국토부, 철도노조, 회의, 행정안전, 고용노동, 장관 "
2024년 12월 04일에 대비와 같이 많이 언급된 키워드 순으로 알려줘,"경찰청, 고용노동부, 행정안전부, 수송대책, 국토교통부, 서울시, 파업, 인천시, 경기도, 박상우, 철도파업, 국토부 "
2024년 12월 04일에 고용노동부와 같이 많이 언급된 키워드 순으로 알려줘,"경찰청, 행정안전부, 국토교통부, 대비, 수송대책, 서울시, 인천시, 경기도, 박상우, 파업, 철도파업, 국토부, 장관 "
2024년 12월 04일에 행정안전부와 같이 많이 언급된 키워드 순으로 알려줘,"경찰청, 고용노동부, 국토교통부, 대비, 수송대책, 서울시, 인천시, 경기도, 박상우, 파업, 철도파업, 국토부, 장관 "
2024년 12월 04일에 수송대책와 같이 많이 언급된 키워드 순으로 알려줘,"경찰청, 대비, 고용노동부, 행정안전부, 국토교통부, 서울시, 파업, 인천시, 경기도, 박상우, 철도파업, 국토부 "
2024년 12월 04일에 경강선와 같이 많이 언급된 키워드 순으로 알려줘,"파업, 수인분당선, 서울교통공사, 서울도시철도, 노조, 철도, 도시철도, 공사, 철도운행차질, 철도노조, 도심교통 "
2024년 12월 04일에 서울도시철도와 같이 많이 언급된 키워드 순으로 알려줘,"경강선, 파업, 수인분당선, 노조, 서울교통공사 "
2024년 12월 04일에 노조와 같이 많이 언급된 키워드 순으로 알려줘,"파업, 총파업, 철도, 교섭, 전국, 한국, 경강선, 서울도시철도, 수인분당선, 철도노조, 국민철도, 민주노총, 공사, 노동조합, 무기한, 방안, 열차운행비상, 비상수송체제, 비상수송, 대책본부, 예고, 전국철도노조, 비상, 서울교통공사, 전국철도노동조합, 증차, 지하철, 광역철도, 버스 "
2024년 12월 04일에 파업와 같이 많이 언급된 키워드 순으로 알려줘,"경강선, 노조, 수인분당선, 총파업, 서울교통공사, 철도노조, 무기한, 철도, 서울도시철도, 교섭, 서울시, 경찰청, 대비, 고용노동부, 행정안전부, 수송대책, 인천시, 경기도, 운행, 안전, 코레일, 열차, 비상수송체제, 국토부, 방안, 열차운행비상, 비상수송, 체제, 투쟁, 전환, 대표들, 노동조합, 최명호철도노조위원장, 사측, 철도노동조합, 노사대립, 시민참여, 국제교류, 도시철도, 공사, 비상대책본부, 대응, 국토교통부, 철도운행차질, 도심교통, 전국철도노동조합, 증차, 지하철, 광역철도, 버스 "
2024년 12월 04일에 수인분당선와 같이 많이 언급된 키워드 순으로 알려줘,"경강선, 파업, 서울교통공사, 서울도시철도, 노조, 철도, 도시철도, 공사, 철도운행차질, 철도노조, 도심교통 "
2024년 12월 04일에 기본급와 같이 많이 언급된 키워드 순으로 알려줘,"인상, 승인, 성과급, 중단, 철도, 총파업, 안정, 오는, 정상, 인력, 충원, 외주화, 교대, 지급 "
2024년 12월 04일에 인상와 같이 많이 언급된 키워드 순으로 알려줘,"기본급, 승인, 성과급, 중단, 철도, 총파업, 안정, 오는, 정상, 인력, 충원, 외주화, 교대, 지급 "
2024년 12월 04일에 승인와 같이 많이 언급된 키워드 순으로 알려줘,"기본급, 인상, 성과급, 중단, 철도, 총파업, 안정, 오는, 정상, 인력, 충원, 외주화, 교대, 지급 "
2024년 12월 04일에 성과급와 같이 많이 언급된 키워드 순으로 알려줘,"기본급, 인상, 승인, 중단, 철도, 총파업, 안정, 오는, 정상, 인력, 충원, 외주화, 교대, 지급 "
2024년 12월 04일에 중단와 같이 많이 언급된 키워드 순으로 알려줘,"기본급, 인상, 승인, 성과급, 철도, 총파업, 안정, 오는, 정상, 인력, 충원, 외주화, 교대, 지급 "
2024년 12월 04일에 철도와 같이 많이 언급된 키워드 순으로 알려줘,"총파업, 노조, 파업, 전국, 한국, 공사, 기본급, 인상, 승인, 성과급, 중단, 안정, 오는, 정상, 인력, 충원, 외주화, 교대, 지급, 국민철도, 민주노총, 노동조합, 무기한, 방안, 열차운행비상, 비상수송체제, 교섭, 경강선, 서울교통공사, 도시철도, 수인분당선, 비상수송, 대책본부, 예고, 전국철도노조, 비상 "
2024년 12월 04일에 안정와 같이 많이 언급된 키워드 순으로 알려줘,"기본급, 인상, 승인, 성과급, 중단, 철도, 총파업, 오는, 정상, 인력, 충원, 외주화, 교대, 지급 "
2024년 12월 04일에 오는와 같이 많이 언급된 키워드 순으로 알려줘,"기본급, 인상, 승인, 성과급, 중단, 철도, 총파업, 안정, 정상, 인력, 충원, 외주화, 교대, 지급 "
2024년 12월 04일에 정상와 같이 많이 언급된 키워드 순으로 알려줘,"기본급, 인상, 승인, 성과급, 중단, 철도, 총파업, 안정, 오는, 인력, 충원, 외주화, 교대, 지급 "
2024년 12월 04일에 인력와 같이 많이 언급된 키워드 순으로 알려줘,"기본급, 인상, 승인, 성과급, 중단, 철도, 총파업, 안정, 오는, 정상, 충원, 외주화, 교대, 지급 "
2024년 12월 04일에 충원와 같이 많이 언급된 키워드 순으로 알려줘,"기본급, 인상, 승인, 성과급, 중단, 철도, 총파업, 안정, 오는, 정상, 인력, 외주화, 교대, 지급 "
2024년 12월 04일에 외주화와 같이 많이 언급된 키워드 순으로 알려줘,"기본급, 인상, 승인, 성과급, 중단, 철도, 총파업, 안정, 오는, 정상, 인력, 충원, 교대, 지급 "
2024년 12월 04일에 교대와 같이 많이 언급된 키워드 순으로 알려줘,"기본급, 인상, 승인, 성과급, 중단, 철도, 총파업, 안정, 오는, 정상, 인력, 충원, 외주화, 지급 "
2024년 12월 04일에 지급와 같이 많이 언급된 키워드 순으로 알려줘,"기본급, 인상, 승인, 성과급, 중단, 철도, 총파업, 안정, 오는, 정상, 인력, 충원, 외주화, 교대 "
2024년 12월 04일에 무기한와 같이 많이 언급된 키워드 순으로 알려줘,"총파업, 비상수송체제, 열차, 전국철도노동조합, 안전, 운행, 파업, 비상, 체제, 코레일, 안전운행, 철도노조, 예고에, 따른, 수송체제, 국토교통부, 연수, 노동쟁의, 위반, 제공하는, 철도운영법, 철도, 노조, 방안, 열차운행비상, 비상수송, 한국철도, 노동조합, 수송, 비상대책본부, 대응, 국철노동조합 "
2024년 12월 04일에 전국철도노동조합와 같이 많이 언급된 키워드 순으로 알려줘,"총파업, 무기한, 비상수송체제, 무기한총파업, 열차, 비상, 열차운행, 코레일, 열차안전운행, 운행, 안전, 예고에, 따른, 수송체제, 국토교통부, 연수, 노동쟁의, 위반, 제공하는, 철도운영법, 비상대책본부, 안전비상수송체제, 안전수송, 국민안전, 철도노조, 총동원, 열차운행비상대책본부, 체제, 수송, 안전운행, 예고, 이용객불편, 한국철도공사코레일, 서울교통공사, 증차, 노조, 지하철, 파업, 광역철도, 버스 "
2024년 12월 04일에 교섭와 같이 많이 언급된 키워드 순으로 알려줘,"노조, 파업, 철도노조, 총파업, 비상수송체제, 철도 "
2024년 12월 04일에 비상수송체제와 같이 많이 언급된 키워드 순으로 알려줘,"무기한, 총파업, 전국철도노동조합, 열차, 무기한총파업, 안전, 열차안전운행, 파업, 안전운행, 철도노조, 운행, 예고에, 따른, 철도, 노조, 교섭, 한국철도, 노동조합, 열차운행, 예고, 비상대책본부, 코레일, 대응, 이용객불편, 한국철도공사코레일, 국철노동조합 "
2024년 12월 04일에 예고에와 같이 많이 언급된 키워드 순으로 알려줘,"비상수송체제, 무기한, 전국철도노동조합, 총파업, 따른 "
2024년 12월 04일에 따른와 같이 많이 언급된 키워드 순으로 알려줘,"비상수송체제, 예고에, 무기한, 전국철도노동조합, 총파업 "
2024년 12월 04일에 서울시와 같이 많이 언급된 키워드 순으로 알려줘,"경찰청, 고용노동부, 행정안전부, 인천시, 경기도, 대비, 파업, 수송대책, 국토교통부, 국토부, 박상우, 장관 "
2024년 12월 04일에 인천시와 같이 많이 언급된 키워드 순으로 알려줘,"서울시, 경찰청, 고용노동부, 행정안전부, 경기도, 대비, 파업, 수송대책, 국토교통부, 국토부, 박상우, 장관 "
2024년 12월 04일에 경기도와 같이 많이 언급된 키워드 순으로 알려줘,"서울시, 경찰청, 고용노동부, 행정안전부, 인천시, 국토교통부, 대비, 파업, 수송대책, 박상우, 국토부, 장관 "
2024년 12월 04일에 국토부와 같이 많이 언급된 키워드 순으로 알려줘,"서울시, 경찰청, 대비, 고용노동부, 파업, 행정안전부, 수송대책, 인천시, 경기도 "
2024년 12월 04일에 수송체제와 같이 많이 언급된 키워드 순으로 알려줘,"국토교통부, 연수, 노동쟁의, 위반, 무기한, 전국철도노동조합, 총파업, 제공하는, 비상, 철도운영법 "
2024년 12월 04일에 연수와 같이 많이 언급된 키워드 순으로 알려줘,"수송체제, 국토교통부, 노동쟁의, 위반, 무기한, 전국철도노동조합, 총파업, 제공하는, 비상, 철도운영법 "
2024년 12월 04일에 노동쟁의와 같이 많이 언급된 키워드 순으로 알려줘,"수송체제, 국토교통부, 연수, 위반, 무기한, 전국철도노동조합, 총파업, 제공하는, 비상, 철도운영법 "
2024년 12월 04일에 위반와 같이 많이 언급된 키워드 순으로 알려줘,"수송체제, 국토교통부, 연수, 노동쟁의, 무기한, 전국철도노동조합, 총파업, 제공하는, 비상, 철도운영법 "
2024년 12월 04일에 제공하는와 같이 많이 언급된 키워드 순으로 알려줘,"수송체제, 국토교통부, 연수, 노동쟁의, 위반, 무기한, 전국철도노동조합, 총파업, 비상, 철도운영법 "
2024년 12월 04일에 비상와 같이 많이 언급된 키워드 순으로 알려줘,"총파업, 무기한, 전국철도노동조합, 수송체제, 국토교통부, 연수, 노동쟁의, 위반, 제공하는, 철도운영법, 운행, 안전, 체제, 수송, 열차, 비상수송, 철도, 대책본부, 예고, 노조, 전국철도노조, 전국, 한국 "
2024년 12월 04일에 철도운영법와 같이 많이 언급된 키워드 순으로 알려줘,"수송체제, 국토교통부, 연수, 노동쟁의, 위반, 무기한, 전국철도노동조합, 총파업, 제공하는, 비상 "
2024년 12월 04일에 국민철도와 같이 많이 언급된 키워드 순으로 알려줘,"철도, 총파업, 노조, 민주노총, 전국, 한국, 공사, 노동조합 "
2024년 12월 04일에 민주노총와 같이 많이 언급된 키워드 순으로 알려줘,"철도, 총파업, 노조, 국민철도, 전국, 한국, 공사, 노동조합 "
2024년 12월 04일에 전국와 같이 많이 언급된 키워드 순으로 알려줘,"철도, 총파업, 노조, 한국, 국민철도, 민주노총, 공사, 노동조합, 비상수송, 대책본부, 예고, 전국철도노조, 비상 "
2024년 12월 04일에 한국와 같이 많이 언급된 키워드 순으로 알려줘,"철도, 총파업, 노조, 전국, 국민철도, 민주노총, 공사, 노동조합, 비상수송, 대책본부, 예고, 전국철도노조, 비상 "
2024년 12월 04일에 공사와 같이 많이 언급된 키워드 순으로 알려줘,"철도, 총파업, 노조, 국민철도, 민주노총, 전국, 한국, 노동조합, 경강선, 서울교통공사, 파업, 도시철도, 수인분당선 "
2024년 12월 04일에 노동조합와 같이 많이 언급된 키워드 순으로 알려줘,"총파업, 철도, 노조, 국민철도, 민주노총, 전국, 한국, 공사, 투쟁, 전환, 대표들, 최명호철도노조위원장, 사측, 철도노동조합, 파업, 노사대립, 시민참여, 국제교류, 비상수송체제, 한국철도, 무기한, 열차, 안전 "
2024년 12월 04일에 비상대책본부와 같이 많이 언급된 키워드 순으로 알려줘,"총파업, 코레일, 열차운행, 전국철도노동조합, 안전비상수송체제, 비상수송체제, 무기한, 운행, 철도노조, 안전, 파업, 대응, 열차 "
2024년 12월 04일에 안전비상수송체제와 같이 많이 언급된 키워드 순으로 알려줘,"열차운행, 비상대책본부, 전국철도노동조합, 총파업, 코레일 "
2024년 12월 04일에 방안와 같이 많이 언급된 키워드 순으로 알려줘,"무기한, 철도, 총파업, 노조, 파업, 열차운행비상 "
2024년 12월 04일에 열차운행비상와 같이 많이 언급된 키워드 순으로 알려줘,"무기한, 철도, 총파업, 노조, 방안, 파업 "
2024년 12월 04일에 운행와 같이 많이 언급된 키워드 순으로 알려줘,"무기한, 총파업, 안전, 열차, 체제, 파업, 코레일, 전국철도노동조합, 비상수송체제, 비상수송, 수송, 비상, 철도노조, 비상대책본부, 대응 "
2024년 12월 04일에 안전와 같이 많이 언급된 키워드 순으로 알려줘,"무기한, 총파업, 열차, 운행, 비상수송체제, 체제, 파업, 코레일, 전국철도노동조합, 비상수송, 한국철도, 노동조합, 수송, 비상, 철도노조, 비상대책본부, 대응 "
2024년 12월 04일에 열차와 같이 많이 언급된 키워드 순으로 알려줘,"무기한, 총파업, 안전, 비상수송체제, 운행, 전국철도노동조합, 체제, 파업, 코레일, 안전운행, 비상수송, 철도공사, 한국철도, 노동조합, 수송, 비상, 철도노조, 비상대책본부, 대응, 국철노동조합 "
2024년 12월 04일에 열차안전운행와 같이 많이 언급된 키워드 순으로 알려줘,"비상수송체제, 전국철도노동조합, 무기한총파업, 총파업, 노조파업, 이용객불편, 한국철도공사코레일 "
2024년 12월 04일에 무기한총파업와 같이 많이 언급된 키워드 순으로 알려줘,"전국철도노동조합, 비상수송체제, 열차안전운행, 안전수송, 국민안전, 철도노조, 코레일, 총동원, 열차운행비상대책본부, 열차운행, 예고, 이용객불편, 한국철도공사코레일 "
2024년 12월 04일에 국민안전와 같이 많이 언급된 키워드 순으로 알려줘,"안전수송, 철도노조, 전국철도노동조합, 무기한총파업, 코레일, 총동원, 열차운행비상대책본부 "
2024년 12월 04일에 안전수송와 같이 많이 언급된 키워드 순으로 알려줘,"국민안전, 철도노조, 전국철도노동조합, 무기한총파업, 코레일, 총동원, 열차운행비상대책본부 "
2024년 12월 04일에 총동원와 같이 많이 언급된 키워드 순으로 알려줘,"안전수송, 국민안전, 철도노조, 전국철도노동조합, 무기한총파업, 코레일, 열차운행비상대책본부 "
2024년 12월 04일에 열차운행비상대책본부와 같이 많이 언급된 키워드 순으로 알려줘,"안전수송, 국민안전, 철도노조, 전국철도노동조합, 무기한총파업, 코레일, 총동원 "
2024년 12월 04일에 전환와 같이 많이 언급된 키워드 순으로 알려줘,"투쟁, 대표들, 노동조합, 최명호철도노조위원장, 사측, 총파업, 철도노동조합, 파업, 노사대립, 시민참여, 국제교류 "
2024년 12월 04일에 투쟁와 같이 많이 언급된 키워드 순으로 알려줘,"전환, 대표들, 노동조합, 최명호철도노조위원장, 사측, 총파업, 철도노동조합, 파업, 노사대립, 시민참여, 국제교류 "
2024년 12월 04일에 대표들와 같이 많이 언급된 키워드 순으로 알려줘,"투쟁, 전환, 노동조합, 최명호철도노조위원장, 사측, 총파업, 철도노동조합, 파업, 노사대립, 시민참여, 국제교류 "
2024년 12월 04일에 최명호철도노조위원장와 같이 많이 언급된 키워드 순으로 알려줘,"투쟁, 전환, 대표들, 노동조합, 사측, 총파업, 철도노동조합, 파업, 노사대립, 시민참여, 국제교류 "
2024년 12월 04일에 사측와 같이 많이 언급된 키워드 순으로 알려줘,"투쟁, 전환, 대표들, 노동조합, 최명호철도노조위원장, 총파업, 철도노동조합, 파업, 노사대립, 시민참여, 국제교류 "
2024년 12월 04일에 철도노동조합와 같이 많이 언급된 키워드 순으로 알려줘,"투쟁, 전환, 대표들, 노동조합, 최명호철도노조위원장, 사측, 총파업, 파업, 노사대립, 시민참여, 국제교류 "
2024년 12월 04일에 노사대립와 같이 많이 언급된 키워드 순으로 알려줘,"투쟁, 전환, 대표들, 노동조합, 최명호철도노조위원장, 사측, 총파업, 철도노동조합, 파업, 시민참여, 국제교류 "
2024년 12월 04일에 시민참여와 같이 많이 언급된 키워드 순으로 알려줘,"투쟁, 전환, 대표들, 노동조합, 최명호철도노조위원장, 사측, 총파업, 철도노동조합, 파업, 노사대립, 국제교류 "
2024년 12월 04일에 국제교류와 같이 많이 언급된 키워드 순으로 알려줘,"투쟁, 전환, 대표들, 노동조합, 최명호철도노조위원장, 사측, 총파업, 철도노동조합, 파업, 노사대립, 시민참여 "
2024년 12월 04일에 철도공사와 같이 많이 언급된 키워드 순으로 알려줘,열차 
2024년 12월 04일에 한국철도와 같이 많이 언급된 키워드 순으로 알려줘,"비상수송체제, 무기한, 총파업, 열차, 안전, 노동조합 "
2024년 12월 04일에 수송와 같이 많이 언급된 키워드 순으로 알려줘,"무기한, 운행, 전국철도노동조합, 총파업, 안전, 체제, 비상, 열차 "
2024년 12월 04일에 안전운행와 같이 많이 언급된 키워드 순으로 알려줘,"비상수송체제, 무기한, 총파업, 열차, 전국철도노동조합, 국철노동조합 "
2024년 12월 04일에 서울교통공사와 같이 많이 언급된 키워드 순으로 알려줘,"파업, 경강선, 수인분당선, 철도, 도시철도, 공사, 서울도시철도, 철도운행차질, 철도노조, 도심교통, 전국철도노동조합, 증차, 노조, 지하철, 광역철도, 버스 "
2024년 12월 04일에 도시철도와 같이 많이 언급된 키워드 순으로 알려줘,"경강선, 서울교통공사, 철도, 파업, 수인분당선, 공사 "
2024년 12월 04일에 예고와 같이 많이 언급된 키워드 순으로 알려줘,"비상수송체제, 열차운행, 전국철도노동조합, 무기한총파업, 비상수송, 철도, 대책본부, 총파업, 노조, 전국철도노조, 비상, 전국, 한국 "
2024년 12월 04일에 대책본부와 같이 많이 언급된 키워드 순으로 알려줘,"비상수송, 철도, 예고, 총파업, 노조, 전국철도노조, 비상, 전국, 한국 "
2024년 12월 04일에 전국철도노조와 같이 많이 언급된 키워드 순으로 알려줘,"비상수송, 철도, 대책본부, 예고, 총파업, 노조, 비상, 전국, 한국 "
2024년 12월 04일에 대응와 같이 많이 언급된 키워드 순으로 알려줘,"비상수송체제, 무기한, 운행, 철도노조, 비상대책본부, 총파업, 안전, 파업, 코레일, 열차 "
2024년 12월 04일에 가용자원와 같이 많이 언급된 키워드 순으로 알려줘,"철도노조, 국토안전시스템, 출퇴근시간 "
2024년 12월 04일에 국토안전시스템와 같이 많이 언급된 키워드 순으로 알려줘,"철도노조, 가용자원, 출퇴근시간 "
2024년 12월 04일에 출퇴근시간와 같이 많이 언급된 키워드 순으로 알려줘,"철도노조, 가용자원, 국토안전시스템 "
2024년 12월 04일에 철도운행차질와 같이 많이 언급된 키워드 순으로 알려줘,"경강선, 서울교통공사, 파업, 수인분당선 "
2024년 12월 04일에 노조파업와 같이 많이 언급된 키워드 순으로 알려줘,"열차안전운행, 총파업 "
2024년 12월 04일에 도심교통와 같이 많이 언급된 키워드 순으로 알려줘,"경강선, 서울교통공사, 철도노조, 파업, 수인분당선 "
2024년 12월 04일에 이용객불편와 같이 많이 언급된 키워드 순으로 알려줘,"열차안전운행, 비상수송체제, 전국철도노동조합, 한국철도공사코레일, 무기한총파업 "
2024년 12월 04일에 한국철도공사코레일와 같이 많이 언급된 키워드 순으로 알려줘,"열차안전운행, 비상수송체제, 이용객불편, 전국철도노동조합, 무기한총파업 "
2024년 12월 04일에 회의와 같이 많이 언급된 키워드 순으로 알려줘,"경찰청, 철도노조, 행정안전, 고용노동 "
2024년 12월 04일에 행정안전와 같이 많이 언급된 키워드 순으로 알려줘,"경찰청, 철도노조, 회의, 고용노동 "
2024년 12월 04일에 고용노동와 같이 많이 언급된 키워드 순으로 알려줘,"경찰청, 철도노조, 회의, 행정안전 "
2024년 12월 04일에 국철노동조합와 같이 많이 언급된 키워드 순으로 알려줘,"비상수송체제, 무기한, 총파업, 안전운행, 열차 "
2024년 12월 04일에 장관와 같이 많이 언급된 키워드 순으로 알려줘,"서울시, 박상우, 국토교통부, 경찰청, 고용노동부, 행정안전부, 인천시, 경기도 "
2024년 12월 04일에 증차와 같이 많이 언급된 키워드 순으로 알려줘,"서울교통공사, 전국철도노동조합, 노조, 지하철, 파업, 광역철도, 버스 "
2024년 12월 04일에 지하철와 같이 많이 언급된 키워드 순으로 알려줘,"서울교통공사, 전국철도노동조합, 증차, 노조, 파업, 광역철도, 버스 "
2024년 12월 04일에 광역철도와 같이 많이 언급된 키워드 순으로 알려줘,"서울교통공사, 전국철도노동조합, 증차, 노조, 지하철, 파업, 버스 "
2024년 12월 04일에 버스와 같이 많이 언급된 키워드 순으로 알려줘,"서울교통공사, 전국철도노동조합, 증차, 노조, 지하철, 파업, 광역철도 "
